{"main":"american-flights-api.raml","name":"American Flights API","organizationId":"e32e6856-d22a-4744-b3ca-078f720c28fa","groupId":"e32e6856-d22a-4744-b3ca-078f720c28fa","assetId":"american-flights-api","version":"1.0.2","metadata":{"branchId":"master","commitId":"064acf89ac80b3340b0ed17119b115288f402f86","projectId":"e2f6edc0-aa61-4d27-87f6-8ed96413e367"},"apiVersion":"v1","classifier":"raml","dependencies":[{"assetId":"training-american-flight-data-type","groupId":"68ef9520-24e9-4cf2-b2f5-620025690913","version":"1.0.1"},{"assetId":"training-american-flights-example","groupId":"68ef9520-24e9-4cf2-b2f5-620025690913","version":"1.0.1"}],"tags":[]}